,mutations,delta_delta_g_gen,delta_delta_g_gen_error,delta_delta_g_gen_66,delta_delta_g_gen_66_error
0,N370A,0.0012,0.0007,0.0121,0.6597
1,Q474A,0.3236,0.0810,0.0312,0.9369
2,S371A,-0.0004,0.0023,-0.0047,1.5419
3,V341A,0.0017,0.0006,0.0021,0.1015
4,Y508A,-0.0266,0.0546,-0.0721,1.8071
5,F486A,-4.5907,0.7961,-3.7838,1.2580
6,T376A,0.0361,0.0068,-0.0035,0.6948
7,L387A,-0.0009,0.0002,0.0037,0.1031
8,F374A,-0.0026,0.0017,-0.0020,0.1244
9,S375A,0.0025,0.0155,-0.0125,0.9580
10,Y423A,-0.0163,0.0032,0.0123,0.2289
11,S443A,0.1833,0.0680,0.0592,1.6191
12,H519A,-0.0003,0.0003,0.0139,0.7305
13,F456A,-4.7391,0.7860,-2.9929,1.2581
14,N360A,0.0005,0.0002,0.0147,0.3514
15,V503A,-0.0755,0.1226,-0.0793,0.5217
16,Y495A,-0.6065,0.1010,-0.1904,0.3939
17,C379A,0.0002,0.0008,0.0017,0.6297
18,T393A,0.0000,0.0002,0.0059,0.1865
19,V395A,0.0007,0.0003,0.0033,0.1005
20,K462A,-0.0310,0.0022,0.6956,2.6746
21,Y451A,-0.0753,0.0365,-0.0684,0.2419
22,V401A,0.0080,0.0191,-0.0161,0.1329
23,L335A,-0.0004,0.0002,0.0108,0.0968
24,Y489A,-6.0630,1.3128,-4.1285,2.5704
25,I402A,0.0693,0.0237,-0.0188,0.1194
26,C336A,-0.0005,0.0003,-0.0005,0.2501
27,Y449A,-8.7206,1.0552,-10.1209,1.9125
28,Y396A,-0.0007,0.0002,0.0109,0.1745
29,L461A,0.0216,0.0081,-0.0175,0.1367
30,R355A,-0.0509,0.0025,0.6625,1.1914
31,P479A,-0.0077,0.0057,0.0035,0.1202
32,T500A,-1.6620,1.3265,-4.3174,1.8623
33,L518A,-0.0004,0.0002,0.0097,0.0957
34,N388A,0.0013,0.0004,0.0167,0.3640
35,S349A,-0.0095,0.0138,0.0192,0.3237
36,E465A,0.0622,0.0057,-0.6348,2.6657
37,R466A,-0.0571,0.0051,0.5866,1.0303
38,V350A,0.0349,0.0127,-0.0201,0.1231
39,K378A,-0.0793,0.0040,0.4086,9.7162
40,R457A,-0.0359,0.0227,0.4841,1.6232
41,F497A,-1.0324,0.1682,-0.3241,0.2797
42,C391A,-0.0004,0.0002,-0.0009,0.3622
43,L455A,-4.1162,0.5306,-0.9795,1.8935
44,F429A,-0.0051,0.0009,0.0022,0.1616
45,N354A,0.0015,0.0014,-0.0103,0.8067
46,Y505A,-10.9852,1.0690,-9.0419,2.0976
47,P491A,-0.1650,0.0428,-0.0545,0.1297
48,T478A,0.1087,0.0493,-0.0165,1.2223
49,E484A,-3.4083,3.4502,-3.2406,14.7619
50,S359A,0.0004,0.0003,0.0041,0.3415
51,P521A,-0.0000,0.0002,0.0085,0.0883
52,N487A,-6.5062,1.0260,-11.2031,2.3398
53,S399A,0.0020,0.0016,0.0043,0.6374
54,V512A,0.0044,0.0016,0.0001,0.1156
55,K424A,-0.0344,0.0144,0.4705,3.5489
56,S477A,0.2507,0.1329,0.0505,1.4828
57,Q498A,-11.5745,2.4650,-15.2607,3.6056
58,N439A,0.1475,0.0866,-0.3185,1.5829
59,T470A,0.0421,0.0120,-0.0009,0.5337
60,P499A,-0.1810,0.0837,-0.1100,0.2597
61,V483A,0.0146,0.0072,-0.0400,0.1555
62,L441A,0.0104,0.0069,-0.0009,0.1640
63,S438A,-0.0602,0.0219,0.0040,0.4908
64,P412A,-0.0025,0.0007,0.0002,0.0983
65,R408A,-0.0210,0.1558,-0.2215,4.5580
66,E471A,0.1220,0.0264,-0.6028,4.2176
67,Y351A,-0.0297,0.0138,-0.0227,1.2302
68,W436A,0.0023,0.0063,-0.0156,0.3534
69,S494A,0.1806,0.0838,-0.0346,0.6911
70,L390A,-0.0005,0.0002,0.0079,0.1003
71,I434A,0.0028,0.0016,0.0009,0.0975
72,F392A,-0.0007,0.0002,0.0117,0.1372
73,W353A,-0.0270,0.0055,-0.0061,0.2431
74,N460A,0.0998,0.0186,-0.0002,1.8930
75,V433A,0.0063,0.0016,-0.0052,0.1064
76,C488A,0.0121,0.0456,-0.0348,0.5796
77,V367A,-0.0003,0.0002,0.0045,0.1105
78,N334A,0.0004,0.0003,0.0119,0.4305
79,S366A,-0.0001,0.0004,0.0009,0.3964
80,C432A,-0.0009,0.0006,-0.0048,0.5585
81,F338A,-0.0010,0.0002,0.0082,0.1225
82,S383A,0.0006,0.0008,0.0042,0.7515
83,K444A,0.4577,0.1225,-0.0201,3.9157
84,L425A,0.0012,0.0023,-0.0027,0.1434
85,V382A,-0.0002,0.0002,0.0047,0.1043
86,T523A,0.0003,0.0002,0.0090,0.1625
87,F342A,-0.0038,0.0010,0.0001,0.1238
88,V510A,0.0268,0.0057,-0.0065,0.1263
89,K417A,-6.3898,0.9558,-5.4871,6.2239
90,D398A,0.0582,0.0023,-0.6428,1.2695
91,V445A,0.0836,0.0402,-0.1272,0.2097
92,S469A,0.0038,0.0089,0.0037,0.3973
93,F377A,-0.0018,0.0007,0.0031,0.1064
94,Y473A,-0.6235,0.4219,-0.1221,2.8981
95,Q409A,0.1450,0.0318,-0.0830,1.2457
96,P384A,-0.0014,0.0002,-0.0005,0.0925
97,R346A,-0.0646,0.0167,0.3457,1.4110
98,N481A,0.0647,0.0158,-0.0372,1.9226
99,C480A,0.0106,0.0334,-0.0615,1.3810
100,N343A,0.0097,0.0009,0.0248,0.3705
101,R509A,-0.1877,0.0255,0.2948,1.1787
102,L368A,-0.0009,0.0003,0.0042,0.1512
103,E340A,0.0382,0.0009,-0.7432,0.7418
104,L513A,0.0006,0.0006,0.0020,0.1114
105,V511A,0.0047,0.0016,0.0006,0.1125
106,Q414A,0.0697,0.0146,0.0070,1.9937
107,S373A,-0.0005,0.0045,-0.0089,1.0613
108,Y369A,-0.0014,0.0013,0.0087,1.1259
109,Y380A,-0.0036,0.0008,-0.0040,0.2115
110,T415A,0.0613,0.0113,-0.0091,1.7123
111,N440A,0.0676,0.0149,-0.0069,1.7893
112,C525A,-0.0003,0.0002,-0.0001,0.2967
113,F515A,-0.0007,0.0003,0.0084,0.1619
114,D420A,0.2925,0.0363,-0.2896,4.0952
115,F347A,-0.0066,0.0046,-0.0033,0.1937
116,T345A,0.0022,0.0016,-0.0021,0.8570
117,I410A,0.0096,0.0041,-0.0035,0.1140
118,S459A,0.0240,0.0097,-0.0010,0.9379
119,T385A,-0.0001,0.0006,0.0058,0.5610
120,I472A,0.0678,0.0495,-0.1604,0.1810
121,S514A,-0.0008,0.0009,0.0041,0.3030
122,V524A,-0.0000,0.0002,0.0050,0.0914
123,K386A,-0.0215,0.0017,0.8131,2.4448
124,Y421A,-0.1900,0.0737,-0.1100,1.3512
125,D442A,0.0281,0.0354,-0.2838,1.6861
126,L517A,-0.0004,0.0002,0.0082,0.1123
127,N422A,-0.0180,0.0304,0.0318,0.7470
128,E516A,0.0213,0.0010,-0.8436,1.7179
129,N501A,-2.2418,1.0974,-5.8803,2.5117
130,D405A,0.6017,0.3373,0.1969,7.8343
131,V407A,0.0282,0.0103,-0.0135,0.1330
132,D389A,0.0193,0.0019,-0.8518,2.9894
133,D467A,0.0549,0.0181,-0.5656,2.0647
134,R454A,0.0531,0.0548,0.4000,1.9307
135,V362A,-0.0001,0.0002,0.0085,0.0938
136,T333A,-0.0003,0.0002,0.0042,0.3836
137,Y365A,-0.0003,0.0003,0.0158,0.2890
138,K356A,-0.0372,0.0017,0.7230,1.5805
139,R403A,-1.4421,0.4243,-1.5462,6.2161
140,N450A,0.0748,0.0206,-0.0292,1.4169
141,Y453A,-2.1168,0.5631,-2.2380,1.1533
142,Q506A,0.6047,0.1541,-0.2713,0.8545
143,P463A,-0.0017,0.0005,0.0022,0.1124
144,P507A,-0.1666,0.0448,0.1008,0.2622
145,L492A,-0.0771,0.0240,-0.0013,0.1571
146,P337A,-0.0002,0.0002,0.0046,0.0877
147,N448A,0.1989,0.0629,-0.0297,0.5674
148,D428A,0.0356,0.0021,-0.7347,2.6108
149,L452A,0.0506,0.0406,-0.0309,0.2689
150,Q493A,-4.3276,1.3167,-4.2564,3.3329
151,F490A,-0.0292,0.0944,0.3534,0.5111
152,D364A,0.0302,0.0021,-0.7819,2.7098
153,I418A,0.0120,0.0166,0.0003,0.1359
154,T430A,-0.0005,0.0005,-0.0014,0.5600
