,mutations,delta_delta_g_gen,delta_delta_g_gen_error,delta_delta_g_gen_66,delta_delta_g_gen_66_error,delta_delta_g_pb,delta_delta_g_pb_error
0,C488A,-2.5887,8.1919,0.0973,0.8875,0.0025,0.2203
1,N481A,12.9660,5.8517,-0.0240,2.5837,-0.0136,0.2367
2,F490A,-7.7008,4.4135,0.4167,0.4655,0.3051,0.3430
3,S383A,-0.2994,0.4236,0.0032,0.8402,0.0155,0.1664
4,L452A,-11.5671,7.5584,-0.0517,0.2131,0.0461,0.1554
5,F392A,1.5425,0.6747,0.0120,0.1231,0.1401,0.7398
6,D442A,-6.4148,6.5684,-0.2954,7.3467,2.9911,0.7385
7,I418A,-73.0382,11.9540,0.0250,0.1884,0.0792,0.3773
8,L513A,-8.1970,3.2975,0.0056,0.1101,0.2739,0.7117
9,S375A,-5.1723,4.5867,-0.0107,0.9153,0.0401,0.1999
10,S477A,-1.3509,8.0123,0.1924,2.9202,0.1966,1.0161
11,K417A,87.2524,39.7328,-2.1556,27.3568,-5.5744,2.5163
12,T523A,1.7657,1.0466,0.0109,0.3705,0.0018,0.2727
13,K444A,8.5688,13.8252,0.0706,12.3673,-2.4900,0.5199
14,V445A,21.2883,5.5359,0.0218,0.3377,0.2133,0.2965
15,Y369A,2.1188,1.0245,0.0072,0.9671,0.0259,0.1797
16,T430A,4.8427,1.3033,0.0025,0.7133,0.0217,0.1921
17,R408A,239.8990,21.0433,-0.1526,10.2037,-2.7000,0.5824
18,T333A,0.4412,0.4880,0.0054,0.4365,0.0040,0.1636
19,Y505A,-62.4773,36.8817,-11.1461,3.9750,-5.6042,3.4116
20,S371A,0.8846,1.4132,0.0055,1.2629,-0.0026,0.0934
21,N370A,4.8222,2.2673,0.0132,0.8359,0.0235,0.2525
22,F497A,-71.3831,10.9344,-0.4886,1.0221,0.5237,0.9222
23,C379A,2.5473,1.3867,0.0010,0.7667,-0.0215,0.2455
24,L455A,-53.7682,26.2518,-4.5046,2.3881,-1.7006,2.4286
25,D398A,3.1035,1.9149,-0.6514,4.9882,2.5916,1.3380
26,I434A,-15.4445,6.3309,0.0042,0.0864,0.0960,0.1958
27,N487A,45.1538,19.6983,-8.8513,4.0515,-9.4031,2.9686
28,S459A,-0.7262,2.0582,0.0033,0.9910,0.0127,0.0295
29,E340A,1.4689,0.8198,-0.7176,3.7286,2.1558,0.7268
30,P479A,-1.5852,1.5509,0.0131,0.1092,0.0117,0.1826
31,V503A,9.4063,9.9258,0.5447,1.0334,0.6992,0.7574
32,T393A,2.9672,0.8260,0.0081,0.3631,0.0139,0.2137
33,S373A,-0.3298,1.9774,-0.0022,1.1754,0.0082,0.1682
34,L517A,4.6270,2.1431,0.0083,0.1189,0.0154,0.2081
35,V341A,4.0758,1.9842,0.0057,0.0914,0.0419,0.3349
36,N422A,-100.4008,23.7557,0.0197,0.7537,-0.1278,0.2285
37,S359A,0.3059,0.4796,0.0041,0.7755,0.0076,0.2273
38,L425A,7.7269,2.7971,-0.0003,0.1131,0.1633,0.4763
39,Y365A,0.7475,1.1854,0.0106,0.5017,0.1673,0.7047
40,D364A,0.1321,0.4164,-0.7791,4.2269,1.8354,0.5504
41,D467A,-3.6061,4.2102,-0.6078,6.6537,2.6904,0.7819
42,V395A,1.4215,2.5797,0.0068,0.0907,0.0219,0.2290
43,K462A,-0.7466,2.5515,0.6762,4.4882,-1.9674,0.3007
44,F342A,-6.0139,2.1426,0.0024,0.1522,0.1215,0.5776
45,W436A,-23.1819,6.0743,-0.0114,0.3700,0.2165,0.4615
46,N450A,21.3795,14.7218,-0.0153,1.9983,0.0308,0.3262
47,R457A,101.1886,10.9653,0.5144,6.1472,-2.1880,0.6708
48,R355A,53.2602,6.3139,0.6752,4.7476,-1.9967,0.5977
49,R454A,105.6844,20.7503,0.5367,8.9633,-1.6863,1.4132
50,V433A,-6.1579,3.4337,-0.0012,0.1031,0.2384,0.4483
51,P384A,0.0517,0.4160,0.0045,0.1378,-0.0020,0.2164
52,T415A,23.9796,5.1055,-0.0019,1.5119,0.0098,0.0440
53,F338A,0.3918,1.8743,0.0083,0.1347,0.0427,0.5508
54,Q474A,44.9005,12.4155,0.1772,1.4922,0.0963,0.3355
55,T345A,5.2379,3.2588,0.0005,0.7343,-0.0023,0.2582
56,V362A,3.3986,0.6547,0.0107,0.0838,-0.0098,0.0493
57,V524A,3.1490,1.6308,0.0090,0.0959,-0.0403,0.2475
58,I410A,-24.5988,5.7702,-0.0057,0.0881,0.2095,0.5746
59,V367A,6.1715,1.1897,0.0075,0.0985,-0.0103,0.1664
60,R403A,278.8598,50.8642,-1.5538,10.9049,-1.2481,2.2222
61,L387A,3.5054,2.1563,0.0098,0.1570,0.1028,0.4998
62,N354A,4.3698,4.0254,-0.0060,1.1205,0.0515,0.3715
63,Q409A,4.2431,17.5394,-0.0703,1.0511,0.1395,0.2476
64,Y495A,-34.9211,16.4799,0.1605,0.8672,0.3891,0.6798
65,Y396A,2.4164,2.6516,0.0096,0.2767,-0.0602,0.3232
66,C480A,3.8590,5.2452,-0.0724,1.2665,-0.0361,0.2390
67,N388A,2.3447,2.0898,0.0146,1.1665,0.0357,0.2896
68,E465A,5.9860,2.3023,-0.6506,6.1975,2.4208,0.6765
69,L518A,1.8657,0.7427,0.0124,0.1347,-0.0099,0.1851
70,Y508A,-35.7674,13.9939,-0.0755,2.0200,0.1296,0.2887
71,S514A,1.9561,2.2636,0.0030,0.8755,-0.0138,0.1925
72,F347A,-7.5255,7.0762,-0.0041,0.1909,0.3300,0.5549
73,T500A,-0.8870,22.0600,-6.7129,2.2155,-4.3073,1.7929
74,Y449A,-52.8447,26.3006,-7.3057,5.9580,-2.2974,2.7748
75,S399A,2.9692,2.8691,0.0025,0.7208,0.0034,0.3985
76,C391A,1.0155,0.5265,0.0032,0.4646,-0.0008,0.2094
77,F515A,0.7522,1.8994,0.0081,0.1307,0.0580,0.5825
78,D420A,-0.3379,4.9178,-0.3879,11.4302,2.7539,0.6090
79,Y421A,-20.5543,8.1637,-0.1981,2.1045,0.1103,0.5450
80,Y473A,-1.9130,6.7286,0.1290,3.1802,0.4454,0.9206
81,V483A,22.5800,3.2175,-0.0397,0.1497,0.0031,0.0963
82,I402A,-68.5014,9.9225,-0.0253,0.1094,0.0079,0.1245
83,K424A,15.5883,7.6758,0.4598,4.7125,-2.2508,0.9630
84,C336A,2.1061,1.2763,0.0046,0.6293,0.0110,0.2522
85,P491A,-12.8463,5.4809,-0.0005,0.1379,-0.0326,0.2271
86,V382A,6.1303,1.8428,0.0079,0.1025,0.0271,0.1483
87,L461A,-39.2575,10.4031,0.0156,0.1256,0.1294,0.5311
88,T478A,14.1166,3.8593,0.0152,1.1767,0.0777,0.1701
89,F456A,-73.0558,16.5116,-4.9616,1.6615,-3.0770,1.5827
90,Y423A,-8.1281,2.1765,-0.0006,0.2124,1.2663,1.6029
91,P337A,0.2093,0.4500,0.0069,0.0791,-0.0145,0.2494
92,C525A,0.7538,0.5024,0.0039,0.3854,-0.0024,0.0560
93,L335A,2.8207,1.2632,0.0124,0.1092,-0.0010,0.0466
94,P463A,-2.7828,0.8289,0.0043,0.1057,-0.0160,0.1885
95,K386A,2.4013,0.9769,0.8420,8.2952,-1.4448,0.7170
96,S469A,-5.4979,4.0309,0.0077,0.4198,0.0268,0.1668
97,C432A,0.3229,2.7602,0.0056,0.8990,0.0460,0.2287
98,R346A,64.1640,25.3224,0.4528,18.0766,-2.3253,0.5442
99,S443A,6.2871,13.5752,-0.0245,1.2142,0.1139,0.2698
100,N439A,40.0092,13.3003,0.0025,1.8520,-0.3965,0.4383
101,E471A,2.6391,1.6666,-0.5964,8.3700,2.3619,0.6976
102,S438A,-4.3635,5.1489,0.0274,0.5437,0.0127,0.2284
103,Y380A,0.0032,2.1523,-0.0011,0.3282,0.0232,0.4755
104,L390A,3.1962,1.8458,0.0121,0.1808,0.0289,0.2982
105,E484A,-4.3558,20.0681,0.3364,13.0184,3.5989,4.3420
106,P521A,0.0964,0.0941,0.0095,0.0887,-0.0049,0.1290
107,N440A,19.8194,5.8358,-0.0116,1.9648,0.0263,0.1748
108,N343A,4.3690,3.0336,0.0213,2.2328,0.0338,0.1700
109,Q493A,76.1645,45.4436,-8.6966,8.9071,-6.8255,6.0274
110,L492A,-50.4600,14.5753,0.0144,0.1906,0.0449,0.2309
111,F429A,-1.7002,2.7363,0.0033,0.1591,0.1803,0.5071
112,N501A,-61.2706,53.3240,-11.3358,5.4472,-9.4628,3.3976
113,Q498A,-87.6172,65.8473,-19.5190,5.0535,-16.9744,4.2800
114,Y489A,-37.7764,16.1626,-5.1301,3.1566,-1.2919,2.8653
115,T376A,19.1082,5.4861,-0.0027,1.0249,0.0109,0.3772
116,S494A,11.2618,7.1787,0.0068,3.2089,0.0992,0.4657
117,P412A,-3.6787,1.1184,0.0030,0.0888,-0.0125,0.2106
118,Q414A,24.6525,7.3693,0.0003,2.4838,0.0092,0.2039
119,N460A,18.1909,6.9165,-0.0001,2.0244,0.0216,0.1831
120,V350A,-40.7304,6.0201,-0.0137,0.1260,-0.0132,0.0379
121,V401A,-24.1922,7.3846,-0.0094,0.1272,0.0213,0.1627
122,R466A,51.0479,5.7993,0.6152,5.8052,-2.1994,0.5427
123,Q506A,-1.2822,23.6774,0.4286,1.6011,0.2368,0.4270
124,H519A,0.7664,0.5172,0.0194,1.1775,-0.0010,0.1751
125,V512A,-13.6402,3.4833,0.0016,0.0981,0.0249,0.1904
126,D405A,-19.9430,21.0686,0.3259,10.5213,2.7806,0.6934
127,S349A,-3.0481,5.5525,0.0196,0.3663,0.0285,0.2461
128,N360A,1.0132,0.4771,0.0148,1.2137,0.0380,0.2825
129,V510A,-26.4769,4.9730,-0.0044,0.1143,0.1251,0.3358
130,K378A,-4.4475,3.0864,0.4183,11.8775,-2.4822,0.6056
131,V511A,-13.6092,3.7999,0.0035,0.1027,0.0575,0.2602
132,F486A,-28.6400,9.0647,-5.4755,2.0745,-3.3428,1.5837
133,N448A,45.4996,10.7765,0.0175,0.8368,0.1500,0.2998
134,D389A,-0.0151,0.1045,-0.8920,7.5458,1.5264,0.5263
135,P499A,-27.5594,7.6181,0.1923,0.4993,0.4691,0.5366
136,Y451A,9.5262,7.1206,-0.0110,0.2501,0.2923,0.3129
137,L441A,12.1968,6.2826,0.0000,0.1497,-0.0406,0.2922
138,V407A,-19.2500,7.8972,-0.0170,0.1269,0.1569,0.4119
139,E516A,2.2891,1.0219,-0.8209,4.0386,1.8895,0.6694
140,L368A,5.3419,2.1373,0.0065,0.1301,0.0736,0.3542
141,K356A,3.7731,7.0325,0.6835,6.5319,-1.8737,0.8195
142,D428A,-0.1154,0.3151,-0.7315,4.2906,1.8143,0.6743
143,T385A,1.2675,0.6766,0.0085,0.7587,0.0156,0.0422
144,P507A,-22.0209,5.8566,0.0019,0.2829,-0.0296,0.2251
145,F374A,2.0825,2.9139,0.0011,0.1251,0.1126,0.3334
146,I472A,15.1365,7.4003,-0.0313,0.1216,-0.0271,0.0802
147,N334A,1.0608,0.6391,0.0163,0.7827,0.0094,0.1850
148,R509A,127.4319,12.7940,0.3286,6.5182,-2.3035,1.0812
149,S366A,-0.0110,0.5181,0.0041,0.3894,-0.0111,0.2268
150,Y351A,-30.3208,7.5129,-0.0252,1.2309,0.1312,0.3089
151,T470A,6.4353,2.8136,-0.0056,0.5122,-0.0072,0.1662
152,Y453A,-52.5064,28.4002,-2.8282,3.3974,-0.7641,1.6057
153,W353A,-3.8448,7.3268,-0.0012,0.2542,0.2644,0.5020
154,F377A,1.9288,2.0414,0.0045,0.1173,0.1609,0.4063
