,gb-complex-etot,gb-complex-1-4-eel,gb-complex-eelec,gb-complex-egb,gb-complex-esurf,gb-protein-etot,gb-protein-1-4-eel,gb-protein-eelect,gb-protein-egb,gb-protein-esurf,gb-ligand-etot,gb-ligand-1-4-eel,gb-ligand-eelec,gb-ligand-egb,gb-ligand-esurf
N370A,-23125.2593,34415.9563,-56018.3952,-11058.7645,233.2353,-17545.4633,27021.9287,-41701.7851,-10054.2076,177.8861,-5500.1383,7394.0277,-13581.6526,-1763.8416,69.0468
Q474A,-23139.8008,34407.8922,-56017.4369,-11065.4367,233.4236,-17545.4633,27021.9287,-41701.7851,-10054.2076,177.8861,-5514.6590,7385.9635,-13584.1054,-1767.0019,69.2350
S371A,-23195.7054,34360.5946,-56040.0674,-11060.6543,233.3749,-17545.4633,27021.9287,-41701.7851,-10054.2076,177.8861,-5570.6013,7338.6659,-13604.9705,-1764.1029,69.1863
V341A,-23185.9489,34380.6345,-56045.8830,-11064.7729,233.6728,-17545.4633,27021.9287,-41701.7851,-10054.2076,177.8861,-5560.8380,7358.7058,-13610.2512,-1768.7492,69.4842
Y508A,-23180.7963,34349.2392,-56014.1167,-11063.6475,233.8987,-17545.4633,27021.9287,-41701.7851,-10054.2076,177.8861,-5555.7613,7327.3106,-13577.5446,-1768.5447,69.7101
F486A,-23206.7937,34338.9959,-56024.1033,-11067.2498,233.8193,-17545.4633,27021.9287,-41701.7851,-10054.2076,177.8861,-5585.3929,7317.0672,-13589.4712,-1767.5915,68.9239
T376A,-23177.2930,34386.9428,-56042.5519,-11063.0306,233.4038,-17545.4633,27021.9287,-41701.7851,-10054.2076,177.8861,-5552.1875,7365.0141,-13606.5838,-1767.3446,69.2153
L387A,-23185.5718,34358.5431,-56021.9851,-11065.8520,233.8593,-17545.4633,27021.9287,-41701.7851,-10054.2076,177.8861,-5560.4592,7336.6144,-13586.6011,-1769.5789,69.6708
F374A,-23204.3711,34338.4630,-56022.6862,-11067.7396,234.1071,-17545.4633,27021.9287,-41701.7851,-10054.2076,177.8861,-5579.2643,7316.5343,-13586.9657,-1771.8038,69.9185
S375A,-23197.8127,34353.0503,-56032.1022,-11063.1799,233.4592,-17545.4633,27021.9287,-41701.7851,-10054.2076,177.8861,-5572.7161,7331.1216,-13597.5653,-1766.0731,69.2706
Y423A,-23176.5403,34349.4159,-56007.4943,-11068.1365,234.4919,-17545.4633,27021.9287,-41701.7851,-10054.2076,177.8861,-5551.4215,7327.4872,-13571.2674,-1772.6936,70.3033
S443A,-23193.4548,34353.7755,-56027.0304,-11063.7801,233.4482,-17545.4633,27021.9287,-41701.7851,-10054.2076,177.8861,-5568.2851,7331.8468,-13590.9839,-1768.0955,69.2596
H519A,-23209.1114,34340.2654,-56018.7961,-11052.6816,232.9566,-17545.4633,27021.9287,-41701.7851,-10054.2076,177.8861,-5583.9887,7318.3367,-13583.3924,-1756.4188,68.7680
F456A,-23204.4300,34337.0023,-56021.2433,-11070.2873,234.2099,-17545.4633,27021.9287,-41701.7851,-10054.2076,177.8861,-5582.2685,7315.0736,-13587.1399,-1770.7364,69.4107
N360A,-23126.8993,34417.2667,-56024.7338,-11056.1665,233.2086,-17545.4633,27021.9287,-41701.7851,-10054.2076,177.8861,-5501.7758,7395.3380,-13588.1627,-1761.0703,69.0201
V503A,-23190.3440,34374.8095,-56039.4790,-11065.0724,233.1481,-17545.4633,27021.9287,-41701.7851,-10054.2076,177.8861,-5565.4073,7352.8808,-13603.6429,-1768.9163,68.9439
Y495A,-23177.7243,34350.6157,-56001.4033,-11075.9014,234.3277,-17545.4633,27021.9287,-41701.7851,-10054.2076,177.8861,-5552.8249,7328.6870,-13567.0813,-1778.5027,70.1391
C379A,-23205.4336,34330.9057,-56019.8511,-11064.0798,233.5481,-17545.4633,27021.9287,-41701.7851,-10054.2076,177.8861,-5580.3230,7308.9770,-13584.0330,-1768.2430,69.3596
T393A,-23175.5311,34396.5423,-56051.0982,-11064.1335,233.5347,-17545.4633,27021.9287,-41701.7851,-10054.2076,177.8861,-5550.4164,7374.6137,-13615.3527,-1768.2205,69.3461
V395A,-23183.9867,34378.1653,-56043.2810,-11064.7895,233.6160,-17545.4633,27021.9287,-41701.7851,-10054.2076,177.8861,-5558.8745,7356.2366,-13607.7401,-1768.6742,69.4275
K462A,-23189.8584,34285.7171,-55840.3603,-11173.2846,233.2052,-17545.4633,27021.9287,-41701.7851,-10054.2076,177.8861,-5564.0539,7263.7884,-13558.1881,-1723.1058,69.0166
Y451A,-23173.8564,34350.5740,-56000.2975,-11074.1373,234.4671,-17545.4633,27021.9287,-41701.7851,-10054.2076,177.8861,-5548.8234,7328.6453,-13566.0234,-1776.8009,70.2785
V401A,-23182.6536,34379.0034,-56043.9102,-11064.0605,233.6655,-17545.4633,27021.9287,-41701.7851,-10054.2076,177.8861,-5557.5612,7357.0747,-13608.4257,-1767.8943,69.4769
L335A,-23189.9777,34366.5918,-56030.0852,-11064.9321,232.9431,-17545.4633,27021.9287,-41701.7851,-10054.2076,177.8861,-5564.8581,7344.6631,-13594.5223,-1768.8314,68.7545
Y489A,-23183.4125,34349.9527,-56014.0732,-11069.2778,234.1967,-17545.4633,27021.9287,-41701.7851,-10054.2076,177.8861,-5562.2474,7328.0240,-13579.0801,-1769.5332,69.1812
I402A,-23202.3113,34341.7210,-56022.6585,-11064.0256,233.8646,-17545.4633,27021.9287,-41701.7851,-10054.2076,177.8861,-5577.2202,7319.7923,-13586.9702,-1768.0535,69.6760
C336A,-23206.6744,34331.1563,-56021.9493,-11063.5259,233.4690,-17545.4633,27021.9287,-41701.7851,-10054.2076,177.8861,-5581.5660,7309.2276,-13586.6316,-1767.1915,69.2805
Y449A,-23178.3849,34350.9067,-55995.4923,-11075.9561,233.9689,-17545.4633,27021.9287,-41701.7851,-10054.2076,177.8861,-5563.3314,7328.9780,-13582.5066,-1767.3289,69.2631
Y396A,-23180.7504,34350.5136,-55998.8742,-11077.1365,233.9563,-17545.4633,27021.9287,-41701.7851,-10054.2076,177.8861,-5555.6306,7328.5849,-13563.2137,-1781.1324,69.7677
L461A,-23182.7452,34364.9329,-56028.3352,-11067.3707,233.8335,-17545.4633,27021.9287,-41701.7851,-10054.2076,177.8861,-5557.6580,7343.0042,-13592.9982,-1771.0676,69.6449
R355A,-23016.2515,34614.3409,-55947.4587,-11221.5907,233.8719,-17545.4633,27021.9287,-41701.7851,-10054.2076,177.8861,-5390.4802,7592.4122,-13668.9823,-1767.7500,69.6833
P479A,-23217.9256,34345.3188,-56036.0508,-11065.8728,233.3291,-17545.4633,27021.9287,-41701.7851,-10054.2076,177.8861,-5592.8137,7323.3901,-13600.2176,-1770.0368,69.1405
T500A,-23175.9357,34386.9644,-56034.1690,-11069.6183,233.4680,-17545.4633,27021.9287,-41701.7851,-10054.2076,177.8861,-5555.0100,7365.0357,-13607.6343,-1767.1757,68.9580
L518A,-23188.6222,34366.0235,-56029.1522,-11065.6564,233.1640,-17545.4633,27021.9287,-41701.7851,-10054.2076,177.8861,-5563.5036,7344.0948,-13593.6611,-1769.4850,68.9754
N388A,-23120.9217,34408.9517,-55992.3124,-11073.3185,233.6049,-17545.4633,27021.9287,-41701.7851,-10054.2076,177.8861,-5495.7961,7387.0230,-13555.2132,-1778.7482,69.4163
S349A,-23194.7556,34346.3512,-56025.5855,-11059.3944,233.4348,-17545.4633,27021.9287,-41701.7851,-10054.2076,177.8861,-5569.6269,7324.4225,-13588.1446,-1765.1594,69.2462
E465A,-23141.2184,34331.6163,-56058.0597,-10954.2477,233.5172,-17545.4633,27021.9287,-41701.7851,-10054.2076,177.8861,-5516.7448,7309.6876,-13456.7582,-1824.5283,69.3286
R466A,-23014.5310,34630.8711,-55986.1758,-11201.4804,233.3929,-17545.4633,27021.9287,-41701.7851,-10054.2076,177.8861,-5388.8375,7608.9424,-13717.0510,-1738.3629,69.2043
V350A,-23184.9797,34378.3342,-56044.0270,-11064.9312,233.7130,-17545.4633,27021.9287,-41701.7851,-10054.2076,177.8861,-5559.8910,7356.4055,-13608.5968,-1768.7115,69.5244
K378A,-23182.0954,34302.8201,-55833.1187,-11192.1187,233.4561,-17545.4633,27021.9287,-41701.7851,-10054.2076,177.8861,-5556.5779,7280.8914,-13585.6703,-1707.5003,69.2675
R457A,-23019.0914,34612.7416,-55911.7389,-11261.5491,234.1046,-17545.4633,27021.9287,-41701.7851,-10054.2076,177.8861,-5393.4991,7590.8129,-13654.2109,-1786.9169,69.9160
F497A,-23200.2284,34338.8613,-56022.6817,-11067.9440,234.2169,-17545.4633,27021.9287,-41701.7851,-10054.2076,177.8861,-5575.4674,7316.9326,-13587.0506,-1772.0364,70.0284
C391A,-23206.7700,34340.6040,-56027.9677,-11065.8435,233.3821,-17545.4633,27021.9287,-41701.7851,-10054.2076,177.8861,-5581.6621,7318.6753,-13592.8207,-1769.3389,69.1935
L455A,-23189.0105,34358.0387,-56020.0296,-11073.2977,233.9853,-17545.4633,27021.9287,-41701.7851,-10054.2076,177.8861,-5564.6683,7336.1100,-13585.3917,-1772.0310,69.2972
F429A,-23201.8345,34339.6010,-56024.8735,-11067.4129,234.2500,-17545.4633,27021.9287,-41701.7851,-10054.2076,177.8861,-5576.7234,7317.6724,-13589.2272,-1771.4016,70.0614
N354A,-23128.5809,34403.9505,-56007.1632,-11059.4630,233.1794,-17545.4633,27021.9287,-41701.7851,-10054.2076,177.8861,-5503.4824,7382.0218,-13572.9485,-1762.0343,68.9908
Y505A,-23179.1834,34350.5565,-56000.1350,-11074.7872,233.9285,-17545.4633,27021.9287,-41701.7851,-10054.2076,177.8861,-5563.1479,7328.6278,-13578.3677,-1767.6186,68.8630
P491A,-23213.0546,34351.2060,-56042.5876,-11064.7193,233.5629,-17545.4633,27021.9287,-41701.7851,-10054.2076,177.8861,-5588.0101,7329.2773,-13606.5343,-1769.1374,69.3743
T478A,-23182.5385,34375.7044,-56032.8705,-11064.5588,233.2504,-17545.4633,27021.9287,-41701.7851,-10054.2076,177.8861,-5557.4433,7353.7757,-13596.0906,-1769.6362,69.0618
E484A,-23139.9887,34337.9514,-56163.5898,-10853.1780,233.5098,-17545.4633,27021.9287,-41701.7851,-10054.2076,177.8861,-5518.1126,7316.0228,-13526.6402,-1761.3978,69.0279
S359A,-23192.7496,34346.1905,-56013.2621,-11067.8378,233.4854,-17545.4633,27021.9287,-41701.7851,-10054.2076,177.8861,-5567.6366,7324.2618,-13577.2374,-1772.2059,69.2968
P521A,-23217.9199,34354.8489,-56046.0259,-11065.1174,233.2974,-17545.4633,27021.9287,-41701.7851,-10054.2076,177.8861,-5592.8026,7332.9202,-13610.3262,-1769.1561,69.1088
N487A,-23116.6770,34414.7741,-56010.1180,-11060.1209,233.7128,-17545.4633,27021.9287,-41701.7851,-10054.2076,177.8861,-5502.4829,7392.8454,-13585.1141,-1763.5220,69.2119
S399A,-23198.5739,34354.8931,-56034.8945,-11064.2544,233.4896,-17545.4633,27021.9287,-41701.7851,-10054.2076,177.8861,-5573.4608,7332.9644,-13598.7630,-1768.7286,69.3010
V512A,-23184.4020,34376.4558,-56041.3742,-11064.4949,233.7354,-17545.4633,27021.9287,-41701.7851,-10054.2076,177.8861,-5559.2931,7354.5271,-13605.8402,-1768.3742,69.5469
K424A,-23184.3656,34300.4324,-55749.6083,-11279.4686,234.2591,-17545.4633,27021.9287,-41701.7851,-10054.2076,177.8861,-5558.7866,7278.5037,-13493.5608,-1803.3863,70.0705
S477A,-23197.9003,34352.6278,-56034.7380,-11059.2958,233.2615,-17545.4633,27021.9287,-41701.7851,-10054.2076,177.8861,-5572.7521,7330.6991,-13598.6194,-1763.6703,69.0716
Q498A,-23127.2003,34402.6959,-55997.0015,-11072.9774,233.9990,-17545.4633,27021.9287,-41701.7851,-10054.2076,177.8861,-5517.0919,7380.7673,-13582.6951,-1766.6766,69.2039
N439A,-23123.0511,34404.8011,-55997.6530,-11067.7687,233.7150,-17545.4633,27021.9287,-41701.7851,-10054.2076,177.8861,-5498.2688,7382.8724,-13564.9355,-1769.0246,69.5264
T470A,-23179.5065,34392.5204,-56048.8492,-11062.9172,233.2367,-17545.4633,27021.9287,-41701.7851,-10054.2076,177.8861,-5554.3959,7370.5917,-13614.3590,-1765.7469,69.0481
P499A,-23215.2661,34350.6777,-56042.6654,-11065.0352,233.4883,-17545.4633,27021.9287,-41701.7851,-10054.2076,177.8861,-5590.2898,7328.7490,-13606.8084,-1769.1186,69.2976
V483A,-23190.5085,34379.7252,-56043.7239,-11066.0558,233.1860,-17545.4633,27021.9287,-41701.7851,-10054.2076,177.8861,-5565.4397,7357.7965,-13608.1902,-1769.9521,68.9975
L441A,-23187.8378,34367.8987,-56031.2345,-11065.6364,233.2203,-17545.4633,27021.9287,-41701.7851,-10054.2076,177.8861,-5562.7312,7345.9700,-13595.2515,-1769.9597,69.0317
S438A,-23191.5549,34353.1897,-56025.9170,-11062.4600,233.4198,-17545.4633,27021.9287,-41701.7851,-10054.2076,177.8861,-5566.4441,7331.2610,-13588.6042,-1768.1139,69.2312
P412A,-23214.2776,34354.7283,-56045.8473,-11064.6599,233.5996,-17545.4633,27021.9287,-41701.7851,-10054.2076,177.8861,-5589.1685,7332.7996,-13610.0964,-1768.7561,69.4110
R408A,-23024.3061,34618.8616,-55888.4962,-11288.8489,233.0860,-17545.4633,27021.9287,-41701.7851,-10054.2076,177.8861,-5399.4188,7596.9329,-13694.2817,-1751.4903,68.8974
E471A,-23145.1147,34337.7870,-56102.3793,-10917.5629,233.0325,-17545.4633,27021.9287,-41701.7851,-10054.2076,177.8861,-5520.6112,7315.8583,-13494.5357,-1794.3492,68.8439
Y351A,-23182.4981,34350.9389,-56018.0214,-11062.2530,233.9041,-17545.4633,27021.9287,-41701.7851,-10054.2076,177.8861,-5557.4096,7329.0102,-13582.4486,-1766.1672,69.7155
W436A,-23209.2449,34319.5563,-56012.1882,-11067.2134,234.1631,-17545.4633,27021.9287,-41701.7851,-10054.2076,177.8861,-5584.1530,7297.6276,-13577.2255,-1770.5257,69.9746
S494A,-23194.7546,34360.0826,-56034.4332,-11065.4745,233.4710,-17545.4633,27021.9287,-41701.7851,-10054.2076,177.8861,-5569.6804,7338.1539,-13601.8571,-1766.4016,69.2824
L390A,-23186.5062,34362.4559,-56025.8926,-11064.0731,233.4765,-17545.4633,27021.9287,-41701.7851,-10054.2076,177.8861,-5561.3894,7340.5272,-13590.4483,-1767.8565,69.2879
I434A,-23203.4002,34351.5801,-56033.1308,-11065.2788,233.8423,-17545.4633,27021.9287,-41701.7851,-10054.2076,177.8861,-5578.2903,7329.6515,-13597.3566,-1769.3967,69.6537
F392A,-23204.0937,34338.5291,-56023.5650,-11068.8730,234.1777,-17545.4633,27021.9287,-41701.7851,-10054.2076,177.8861,-5578.9732,7316.6004,-13588.0390,-1772.7342,69.9892
W353A,-23201.5203,34319.3876,-55996.5291,-11076.7470,234.4539,-17545.4633,27021.9287,-41701.7851,-10054.2076,177.8861,-5576.4221,7297.4589,-13561.8064,-1779.8196,70.2654
N460A,-23129.1395,34414.8787,-56018.9981,-11062.3224,233.3535,-17545.4633,27021.9287,-41701.7851,-10054.2076,177.8861,-5504.0314,7392.9500,-13581.9931,-1767.6597,69.1649
V433A,-23185.6583,34378.1989,-56042.9854,-11065.5080,233.6929,-17545.4633,27021.9287,-41701.7851,-10054.2076,177.8861,-5560.5543,7356.2702,-13607.5060,-1769.3368,69.5044
C488A,-23206.5682,34332.5446,-56017.6714,-11068.3734,233.4772,-17545.4633,27021.9287,-41701.7851,-10054.2076,177.8861,-5581.4835,7310.6159,-13583.7406,-1770.6140,69.2886
V367A,-23190.5601,34377.6809,-56043.4902,-11065.0038,233.1677,-17545.4633,27021.9287,-41701.7851,-10054.2076,177.8861,-5565.4467,7355.7522,-13607.8464,-1768.9901,68.9791
N334A,-23127.2252,34405.4945,-56012.6532,-11053.2636,233.0541,-17545.4633,27021.9287,-41701.7851,-10054.2076,177.8861,-5502.1044,7383.5658,-13576.4194,-1757.8329,68.8655
S366A,-23192.4763,34355.5141,-56025.5072,-11064.1564,233.3268,-17545.4633,27021.9287,-41701.7851,-10054.2076,177.8861,-5567.3665,7333.5854,-13589.8893,-1768.1209,69.1382
C432A,-23206.2914,34332.2968,-56021.8918,-11063.8337,233.5275,-17545.4633,27021.9287,-41701.7851,-10054.2076,177.8861,-5581.1873,7310.3681,-13586.8845,-1767.1928,69.3389
F338A,-23204.8004,34338.7272,-56023.3893,-11066.8132,234.1124,-17545.4633,27021.9287,-41701.7851,-10054.2076,177.8861,-5579.6833,7316.7985,-13587.7168,-1770.8237,69.9239
S383A,-23195.8775,34353.6939,-56034.1919,-11060.2565,233.3190,-17545.4633,27021.9287,-41701.7851,-10054.2076,177.8861,-5570.7644,7331.7652,-13598.1112,-1764.6804,69.1304
K444A,-23182.1502,34293.1010,-55776.9911,-11237.6703,233.6484,-17545.4633,27021.9287,-41701.7851,-10054.2076,177.8861,-5557.0641,7271.1723,-13573.2384,-1709.7213,69.4599
L425A,-23186.6728,34358.4342,-56023.4567,-11067.7810,233.9362,-17545.4633,27021.9287,-41701.7851,-10054.2076,177.8861,-5561.5675,7336.5055,-13587.9495,-1771.6353,69.7476
V382A,-23184.9159,34378.1300,-56043.0025,-11064.9409,233.6979,-17545.4633,27021.9287,-41701.7851,-10054.2076,177.8861,-5559.8024,7356.2013,-13607.3418,-1768.9440,69.5094
T523A,-23172.2102,34395.2470,-56040.9790,-11067.2408,233.4603,-17545.4633,27021.9287,-41701.7851,-10054.2076,177.8861,-5547.0923,7373.3183,-13604.9120,-1771.6462,69.2717
F342A,-23201.9435,34338.4336,-56023.5325,-11064.0153,234.1561,-17545.4633,27021.9287,-41701.7851,-10054.2076,177.8861,-5576.8345,7316.5049,-13587.9867,-1767.9052,69.9676
V510A,-23185.2154,34368.4471,-56033.8928,-11064.5305,233.7165,-17545.4633,27021.9287,-41701.7851,-10054.2076,177.8861,-5560.1115,7346.5184,-13598.3963,-1768.3733,69.5279
K417A,-23175.6694,34296.9312,-55709.1362,-11304.1341,234.2636,-17545.4633,27021.9287,-41701.7851,-10054.2076,177.8861,-5555.9656,7275.0025,-13565.3422,-1722.5083,69.6997
D398A,-23107.0639,34340.1168,-56026.6112,-10963.6651,233.7721,-17545.4633,27021.9287,-41701.7851,-10054.2076,177.8861,-5482.5983,7318.1881,-13426.1082,-1833.1576,69.5836
V445A,-23191.7966,34370.1148,-56036.0345,-11064.6760,233.0674,-17545.4633,27021.9287,-41701.7851,-10054.2076,177.8861,-5566.8190,7348.1861,-13600.4814,-1768.5693,68.8785
S469A,-23191.7740,34352.8239,-56022.9738,-11063.9427,233.4104,-17545.4633,27021.9287,-41701.7851,-10054.2076,177.8861,-5566.6611,7330.8952,-13586.3135,-1768.9443,69.2218
F377A,-23203.3396,34337.2025,-56022.5501,-11065.4376,234.1496,-17545.4633,27021.9287,-41701.7851,-10054.2076,177.8861,-5578.2276,7315.2739,-13586.7625,-1769.5662,69.9610
Y473A,-23185.9481,34350.9172,-56019.6717,-11062.8943,233.7830,-17545.4633,27021.9287,-41701.7851,-10054.2076,177.8861,-5560.9409,7328.9885,-13583.5160,-1766.3108,69.4621
Q409A,-23137.6196,34404.1744,-56014.7218,-11065.3670,233.6251,-17545.4633,27021.9287,-41701.7851,-10054.2076,177.8861,-5512.5946,7382.2457,-13582.3968,-1766.0707,69.4365
P384A,-23216.9028,34347.2078,-56038.5780,-11065.9965,233.4010,-17545.4633,27021.9287,-41701.7851,-10054.2076,177.8861,-5591.7944,7325.2792,-13603.2340,-1769.6877,69.2124
R346A,-23026.6912,34620.0955,-55972.0024,-11207.7785,233.0195,-17545.4633,27021.9287,-41701.7851,-10054.2076,177.8861,-5401.2366,7598.1668,-13730.0181,-1717.7520,68.8310
N481A,-23127.4841,34416.7455,-56017.3444,-11062.9446,233.1676,-17545.4633,27021.9287,-41701.7851,-10054.2076,177.8861,-5502.4119,7394.8168,-13584.7355,-1763.9257,68.9790
C480A,-23205.7411,34332.3510,-56021.3838,-11064.1706,233.5267,-17545.4633,27021.9287,-41701.7851,-10054.2076,177.8861,-5580.6948,7310.4223,-13586.0698,-1767.8690,69.3381
N343A,-23126.2717,34416.5461,-56028.1683,-11051.1965,233.1113,-17545.4633,27021.9287,-41701.7851,-10054.2076,177.8861,-5501.1381,7394.6174,-13589.7113,-1757.9747,68.9227
R509A,-23002.4368,34616.8851,-55885.6564,-11276.3354,234.2609,-17545.4633,27021.9287,-41701.7851,-10054.2076,177.8861,-5377.0358,7594.9564,-13648.8489,-1781.1841,70.0723
L368A,-23185.6895,34366.1737,-56030.0755,-11065.0000,233.4679,-17545.4633,27021.9287,-41701.7851,-10054.2076,177.8861,-5560.5764,7344.2451,-13594.3865,-1769.0309,69.2794
E340A,-23139.7119,34336.1271,-56048.7994,-10964.1549,233.3639,-17545.4633,27021.9287,-41701.7851,-10054.2076,177.8861,-5515.3462,7314.1984,-13461.8721,-1820.1721,69.1753
L513A,-23183.0604,34366.2977,-56029.8444,-11065.2643,233.7822,-17545.4633,27021.9287,-41701.7851,-10054.2076,177.8861,-5557.9494,7344.3691,-13594.2799,-1769.1729,69.5936
V511A,-23183.5105,34377.3496,-56042.0258,-11064.1991,233.7193,-17545.4633,27021.9287,-41701.7851,-10054.2076,177.8861,-5558.4011,7355.4209,-13606.3407,-1768.2293,69.5307
Q414A,-23141.0892,34406.8214,-56026.8283,-11056.4497,233.2621,-17545.4633,27021.9287,-41701.7851,-10054.2076,177.8861,-5515.9733,7384.8927,-13589.2372,-1762.3692,69.0735
S373A,-23194.2882,34353.2487,-56027.8273,-11063.0438,233.3970,-17545.4633,27021.9287,-41701.7851,-10054.2076,177.8861,-5569.1882,7331.3200,-13593.1001,-1766.1266,69.2085
Y369A,-23188.4865,34350.5166,-56019.2786,-11060.7608,233.3894,-17545.4633,27021.9287,-41701.7851,-10054.2076,177.8861,-5563.3689,7328.5880,-13583.4314,-1764.9442,69.2008
Y380A,-23184.9031,34350.4374,-56016.1160,-11066.4699,233.9464,-17545.4633,27021.9287,-41701.7851,-10054.2076,177.8861,-5559.7982,7328.5087,-13580.8838,-1770.0488,69.7579
T415A,-23182.0981,34388.7240,-56047.2755,-11062.7112,233.1781,-17545.4633,27021.9287,-41701.7851,-10054.2076,177.8861,-5556.9984,7366.7953,-13611.5695,-1766.7645,68.9895
N440A,-23127.6669,34410.9115,-56014.2492,-11059.4524,233.2526,-17545.4633,27021.9287,-41701.7851,-10054.2076,177.8861,-5502.5648,7388.9828,-13578.1943,-1763.8462,69.0640
C525A,-23208.2232,34331.5449,-56020.2617,-11065.1301,233.2607,-17545.4633,27021.9287,-41701.7851,-10054.2076,177.8861,-5583.1145,7309.6162,-13585.0276,-1768.7118,69.0721
F515A,-23202.2980,34340.4928,-56026.2215,-11066.2139,234.2073,-17545.4633,27021.9287,-41701.7851,-10054.2076,177.8861,-5577.1808,7318.5641,-13590.6476,-1770.1258,70.0188
D420A,-23138.5266,34337.7237,-56125.2545,-10896.9586,233.4874,-17545.4633,27021.9287,-41701.7851,-10054.2076,177.8861,-5513.7072,7315.7950,-13483.5923,-1807.2335,69.2989
F347A,-23201.2365,34336.0009,-56021.0610,-11067.3190,234.2255,-17545.4633,27021.9287,-41701.7851,-10054.2076,177.8861,-5576.1312,7314.0722,-13585.1936,-1771.5299,70.0369
T345A,-23180.7182,34385.2323,-56040.3958,-11063.0141,233.1272,-17545.4633,27021.9287,-41701.7851,-10054.2076,177.8861,-5555.6115,7363.3036,-13605.0546,-1766.7034,68.9386
I410A,-23203.2496,34351.7650,-56033.6119,-11065.0453,233.9827,-17545.4633,27021.9287,-41701.7851,-10054.2076,177.8861,-5578.1445,7329.8363,-13598.0846,-1768.9138,69.7941
S459A,-23198.4936,34347.1760,-56029.2312,-11060.4111,233.3292,-17545.4633,27021.9287,-41701.7851,-10054.2076,177.8861,-5573.3858,7325.2473,-13593.4094,-1764.5793,69.1406
T385A,-23181.1370,34382.7241,-56039.4155,-11062.8703,233.2187,-17545.4633,27021.9287,-41701.7851,-10054.2076,177.8861,-5556.0224,7360.7954,-13603.5006,-1767.1265,69.0301
I472A,-23203.7099,34353.4909,-56035.1334,-11065.4354,233.7185,-17545.4633,27021.9287,-41701.7851,-10054.2076,177.8861,-5578.7621,7331.5622,-13599.5647,-1769.4431,69.5299
S514A,-23194.7463,34345.9379,-56022.4587,-11062.4718,233.5564,-17545.4633,27021.9287,-41701.7851,-10054.2076,177.8861,-5569.6333,7324.0092,-13586.3329,-1766.9408,69.3679
V524A,-23183.3420,34377.8489,-56042.7727,-11064.6872,233.6185,-17545.4633,27021.9287,-41701.7851,-10054.2076,177.8861,-5558.2281,7355.9202,-13607.2871,-1768.5151,69.4299
K386A,-23183.6604,34298.7728,-55804.9899,-11214.9852,233.6018,-17545.4633,27021.9287,-41701.7851,-10054.2076,177.8861,-5557.7384,7276.8441,-13508.8862,-1778.6227,69.4132
Y421A,-23183.1135,34351.6056,-56017.8222,-11065.7605,233.8365,-17545.4633,27021.9287,-41701.7851,-10054.2076,177.8861,-5558.1199,7329.6769,-13580.5730,-1771.2814,69.6479
D442A,-23103.7007,34339.6266,-56056.6982,-10927.0579,233.7841,-17545.4633,27021.9287,-41701.7851,-10054.2076,177.8861,-5478.8742,7317.6980,-13409.0523,-1843.3235,69.5955
L517A,-23186.3177,34367.0839,-56029.5364,-11065.6345,233.4645,-17545.4633,27021.9287,-41701.7851,-10054.2076,177.8861,-5561.2006,7345.1552,-13594.0640,-1769.4458,69.2759
N422A,-23112.7678,34415.6121,-56002.4865,-11066.4406,233.6479,-17545.4633,27021.9287,-41701.7851,-10054.2076,177.8861,-5487.6311,7393.6834,-13567.7744,-1769.4421,69.4593
E516A,-23134.1225,34332.7592,-56054.7558,-10950.4463,233.6442,-17545.4633,27021.9287,-41701.7851,-10054.2076,177.8861,-5509.8572,7310.8305,-13481.0420,-1793.3509,69.4557
N501A,-23120.7515,34414.8667,-56006.4258,-11072.1799,233.7176,-17545.4633,27021.9287,-41701.7851,-10054.2076,177.8861,-5501.3070,7392.9380,-13584.7803,-1764.4787,69.3406
D405A,-23132.2711,34327.7154,-56110.8281,-10886.4872,233.3886,-17545.4633,27021.9287,-41701.7851,-10054.2076,177.8861,-5506.9671,7305.7867,-13412.9194,-1852.3697,69.2000
V407A,-23187.0448,34374.5985,-56039.9859,-11065.4965,233.6081,-17545.4633,27021.9287,-41701.7851,-10054.2076,177.8861,-5561.9488,7352.6698,-13604.3859,-1769.4431,69.4196
D389A,-23138.1679,34337.8438,-56108.6747,-10909.2758,233.3080,-17545.4633,27021.9287,-41701.7851,-10054.2076,177.8861,-5513.9109,7315.9151,-13535.6837,-1751.4660,69.1194
D467A,-23119.3222,34325.1447,-56018.5230,-10963.3524,233.5611,-17545.4633,27021.9287,-41701.7851,-10054.2076,177.8861,-5494.7776,7303.2160,-13405.5841,-1845.1970,69.3725
R454A,-23012.6858,34621.9640,-55916.7982,-11264.3296,234.2702,-17545.4633,27021.9287,-41701.7851,-10054.2076,177.8861,-5387.1725,7600.0354,-13674.5854,-1774.4325,70.0817
V362A,-23189.2847,34378.8131,-56044.7254,-11065.8924,233.3467,-17545.4633,27021.9287,-41701.7851,-10054.2076,177.8861,-5564.1673,7356.8844,-13609.0597,-1769.8969,69.1581
T333A,-23157.5839,34468.3329,-56095.1150,-11067.6149,233.1037,-17545.4633,27021.9287,-41701.7851,-10054.2076,177.8861,-5532.4708,7446.4042,-13659.9537,-1771.1194,68.9151
Y365A,-23186.5193,34351.1641,-56014.2450,-11070.6955,234.1888,-17545.4633,27021.9287,-41701.7851,-10054.2076,177.8861,-5561.3946,7329.2354,-13578.0992,-1775.1719,70.0002
K356A,-23187.1954,34279.6248,-55805.9831,-11200.9392,234.1788,-17545.4633,27021.9287,-41701.7851,-10054.2076,177.8861,-5561.3636,7257.6961,-13520.4540,-1754.0917,69.9902
R403A,-23012.6972,34617.5154,-55849.9865,-11323.5343,233.8179,-17545.4633,27021.9287,-41701.7851,-10054.2076,177.8861,-5389.1806,7595.5867,-13683.9970,-1758.5075,69.6166
N450A,-23124.7261,34404.1097,-55991.2642,-11071.3697,233.5164,-17545.4633,27021.9287,-41701.7851,-10054.2076,177.8861,-5499.6467,7382.1810,-13557.5149,-1773.4853,69.3279
Y453A,-23180.9515,34348.7967,-56010.4793,-11067.3433,234.0174,-17545.4633,27021.9287,-41701.7851,-10054.2076,177.8861,-5558.1408,7326.8680,-13576.4572,-1769.8923,69.5595
Q506A,-23133.2510,34403.2814,-56002.2475,-11070.9461,233.6953,-17545.4633,27021.9287,-41701.7851,-10054.2076,177.8861,-5508.4418,7381.3527,-13573.3071,-1768.0702,69.5068
P463A,-23222.0785,34339.3852,-56035.5042,-11066.2454,233.3478,-17545.4633,27021.9287,-41701.7851,-10054.2076,177.8861,-5596.9674,7317.4565,-13599.7893,-1770.3042,69.1592
P507A,-23212.1382,34352.0415,-56043.2892,-11064.3523,233.5388,-17545.4633,27021.9287,-41701.7851,-10054.2076,177.8861,-5586.9225,7330.1128,-13607.6320,-1768.1934,69.3502
L492A,-23182.2127,34366.8314,-56031.0030,-11065.5017,233.8705,-17545.4633,27021.9287,-41701.7851,-10054.2076,177.8861,-5557.1026,7344.9027,-13594.8942,-1769.9199,69.6820
P337A,-23216.8982,34353.4066,-56044.7960,-11066.0687,233.5421,-17545.4633,27021.9287,-41701.7851,-10054.2076,177.8861,-5591.7847,7331.4779,-13609.0816,-1770.1256,69.3535
N448A,-23121.6898,34404.1862,-55989.7980,-11072.0606,233.6123,-17545.4633,27021.9287,-41701.7851,-10054.2076,177.8861,-5496.6170,7382.2575,-13555.7354,-1774.4781,69.4238
D428A,-23139.1069,34332.6788,-56139.7961,-10872.6850,233.0922,-17545.4633,27021.9287,-41701.7851,-10054.2076,177.8861,-5514.7327,7310.7501,-13551.1204,-1730.4422,68.9036
L452A,-23186.9993,34366.8354,-56030.3243,-11066.3154,233.3601,-17545.4633,27021.9287,-41701.7851,-10054.2076,177.8861,-5561.9249,7344.9067,-13594.5876,-1770.3844,69.1715
Q493A,-23136.4348,34407.0082,-56002.9442,-11077.9162,233.9994,-17545.4633,27021.9287,-41701.7851,-10054.2076,177.8861,-5515.4869,7385.0795,-13581.7862,-1766.9231,68.9628
F490A,-23208.3214,34335.3135,-56020.3718,-11066.0355,233.4025,-17545.4633,27021.9287,-41701.7851,-10054.2076,177.8861,-5582.8913,7313.3848,-13584.5796,-1769.6987,69.2146
D364A,-23127.8366,34322.1966,-56101.0692,-10886.7969,233.2965,-17545.4633,27021.9287,-41701.7851,-10054.2076,177.8861,-5503.5096,7300.2679,-13518.7914,-1738.2038,69.1080
I418A,-23205.0359,34347.0002,-56029.2548,-11067.2025,234.0011,-17545.4633,27021.9287,-41701.7851,-10054.2076,177.8861,-5579.9316,7325.0715,-13593.7273,-1771.0360,69.8125
T430A,-23179.3128,34388.0106,-56046.2655,-11061.2308,233.2926,-17545.4633,27021.9287,-41701.7851,-10054.2076,177.8861,-5554.2054,7366.0820,-13611.1532,-1764.6917,69.1040
